name,description,LookAt/latitude,LookAt/longitude,LookAt/altitude,longitude,latitude,altitude
Alger Obs. Bouzar�a,Modern Astronomical Observatory [345 meters AMSL],36.8016666666667,3.035,345,3.035,36.8016666666667,345
Argentine Radio Ast. Inst. R Villa Elisa,Modern Astronomical Observatory [11 meters AMSL],-34.8683333333333,-58.1366666666667,11,-58.1366666666667,-34.8683333333333,11
C�rdoba Ast. Obs. C�rdoba,Modern Astronomical Observatory [434 meters AMSL],-31.4216666666667,-64.1966666666667,434,-64.1966666666667,-31.4216666666667,434
C�rdoba Obs. Astrophys. Sta. Bosque Alegre,Modern Astronomical Observatory [1250 meters AMSL],-31.5983333333333,-64.5466666666667,1250,-64.5466666666667,-31.5983333333333,1250
Dr. Carlos U. Cesco Sta. San Juan/El Leoncito,Modern Astronomical Observatory [2348 meters AMSL],-31.8016666666667,-69.33,2348,-69.33,-31.8016666666667,2348
El Leoncito Ast. Complex San Juan/El Leoncito,Modern Astronomical Observatory [2552 meters AMSL],-31.8,-69.3,2552,-69.3,-31.8,2552
F�lix Aguilar Obs. San Juan,Modern Astronomical Observatory [700 meters AMSL],-31.51,-68.62,700,-68.62,-31.51,700
La Plata Ast. Obs. La Plata,Modern Astronomical Observatory [17 meters AMSL],-34.9083333333333,-57.9316666666667,17,-57.9316666666667,-34.9083333333333,17
National Obs. of Cosmic Physics San Miguel,Modern Astronomical Observatory [37 meters AMSL],-34.5566666666667,-58.7316666666667,37,-58.7316666666667,-34.5566666666667,37
Naval Obs. Buenos Aires,Modern Astronomical Observatory [6 meters AMSL],-34.6216666666667,-58.355,6,-58.355,-34.6216666666667,6
Byurakan Astrophysical Obs. R Yerevan/Mt. Aragatz,Modern Astronomical Observatory [1500 meters AMSL],40.335,44.2916666666667,1500,44.2916666666667,40.335,1500
"Anglo-Australian Obs. I Coonabarabran/Siding Spring,  N.S.W.",Modern Astronomical Observatory [1164 meters AMSL],-31.2766666666667,149.066666666667,1164,149.066666666667,-31.2766666666667,1164
"Australia Tel. Natl. Facility R Culgoora, New South  Wales",Modern Astronomical Observatory [217 meters AMSL],-30.315,149.561666666667,217,149.561666666667,-30.315,217
"Australian Natl. Radio Ast. Obs. R Parkes, New South  Wales",Modern Astronomical Observatory [392 meters AMSL],-33,148.261666666667,392,148.261666666667,-33,392
"Deep Space Sta. R Tidbinbilla, Austl. Cap. Ter.",Modern Astronomical Observatory [656 meters AMSL],-35.4016666666667,148.98,656,148.98,-35.4016666666667,656
"Fleurs Radio Obs. R Kemps Creek, New South Wales",Modern Astronomical Observatory [45 meters AMSL],-33.8633333333333,150.775,45,150.775,-33.8633333333333,45
"Molonglo Radio Obs. R Hoskinstown, New South Wales",Modern Astronomical Observatory [732 meters AMSL],-35.3716666666667,149.423333333333,732,149.423333333333,-35.3716666666667,732
"Mount Pleasant Radio Ast. Obs. R Hobart, Tasmania",Modern Astronomical Observatory [43 meters AMSL],-42.805,147.44,43,147.44,-42.805,43
"Mount Stromlo Obs. Canberra/Mt. Stromlo, Austl. Cap.  Ter.",Modern Astronomical Observatory [767 meters AMSL],-35.32,149.008333333333,767,149.008333333333,-35.32,767
"Perth Obs. Bickley, Western Australia",Modern Astronomical Observatory [391 meters AMSL],-32.0083333333333,116.135,391,116.135,-32.0083333333333,391
"Riverview College Obs. Lane Cove, New South Wales",Modern Astronomical Observatory [25 meters AMSL],-33.83,151.158333333333,25,151.158333333333,-33.83,25
"Siding Spring Obs. Coonabarabran/Siding Spring,  N.S.W.",Modern Astronomical Observatory [1149 meters AMSL],-31.2733333333333,149.061666666667,1149,149.061666666667,-31.2733333333333,1149
Kanzelh�he Solar Obs. Klagenfurt/Kanzelh�he,Modern Astronomical Observatory [1526 meters AMSL],46.6783333333333,13.9066666666667,1526,13.9066666666667,46.6783333333333,1526
Kuffner Obs. Vienna,Modern Astronomical Observatory [302 meters AMSL],48.2133333333333,16.2966666666667,302,16.2966666666667,48.2133333333333,302
L. Figl Astrophysical Obs. St. Corona at Sch�pfl,Modern Astronomical Observatory [890 meters AMSL],48.0833333333333,15.9233333333333,890,15.9233333333333,48.0833333333333,890
Lustb�hel Obs. Graz,Modern Astronomical Observatory [480 meters AMSL],47.065,15.495,480,15.495,47.065,480
Univ. of Graz Obs. Graz,Modern Astronomical Observatory [375 meters AMSL],47.0783333333333,15.4516666666667,375,15.4516666666667,47.0783333333333,375
Urania Obs. Vienna,Modern Astronomical Observatory [193 meters AMSL],48.2116666666667,16.385,193,16.385,48.2116666666667,193
Vienna Univ. Obs. Vienna,Modern Astronomical Observatory [241 meters AMSL],48.2316666666667,16.3366666666667,241,16.3366666666667,48.2316666666667,241
Ast. and Astrophys. Inst. Brussels,Modern Astronomical Observatory [147 meters AMSL],50.8133333333333,4.38333333333333,147,4.38333333333333,50.8133333333333,147
Cointe Obs. Li�ge,Modern Astronomical Observatory [127 meters AMSL],50.6183333333333,5.565,127,5.565,50.6183333333333,127
Royal Obs. of Belgium R Uccle,Modern Astronomical Observatory [105 meters AMSL],50.7983333333333,4.35833333333333,105,4.35833333333333,50.7983333333333,105
Royal Obs. Radio Ast. Sta. R Humain,Modern Astronomical Observatory [293 meters AMSL],50.1916666666667,5.255,293,5.255,50.1916666666667,293
Abrah�o de Moraes Obs. R Valinhos,Modern Astronomical Observatory [850 meters AMSL],-23.0016666666667,-46.9666666666667,850,-46.9666666666667,-23.0016666666667,850
Antares Ast. Obs. Feira de Santana,Modern Astronomical Observatory [256 meters AMSL],-12.2566666666667,-38.965,256,-38.965,-12.2566666666667,256
Itapetinga Radio Obs. R Atibaia,Modern Astronomical Observatory [806 meters AMSL],-23.185,-46.5583333333333,806,-46.5583333333333,-23.185,806
Morro Santana Obs. Porto Alegre,Modern Astronomical Observatory [300 meters AMSL],-30.0533333333333,-51.1266666666667,300,-51.1266666666667,-30.0533333333333,300
National Obs. Rio de Janeiro,Modern Astronomical Observatory [33 meters AMSL],-22.895,-43.2233333333333,33,-43.2233333333333,-22.895,33
Pico dos Dias Obs. Itajub�/Pico dos Dias,Modern Astronomical Observatory [1870 meters AMSL],-22.535,-45.5833333333333,1870,-45.5833333333333,-22.535,1870
Piedade Obs. Belo Horizonte,Modern Astronomical Observatory [1746 meters AMSL],-19.8216666666667,-43.5116666666667,1746,-43.5116666666667,-19.8216666666667,1746
Valongo Obs. Rio de Janeiro/Mt. Valongo,Modern Astronomical Observatory [52 meters AMSL],-22.8983333333333,-43.1866666666667,52,-43.1866666666667,-22.8983333333333,52
Belogradchik Ast. Obs. Belogradchik,Modern Astronomical Observatory [650 meters AMSL],43.6233333333333,22.675,650,22.675,43.6233333333333,650
Rozhen National Ast. Obs. Rozhen,Modern Astronomical Observatory [1759 meters AMSL],41.6933333333333,24.7433333333333,1759,24.7433333333333,41.6933333333333,1759
"Algonquin Radio Obs. R Lake Traverse, Ontario",Modern Astronomical Observatory [260 meters AMSL],45.955,-78.0733333333333,260,-78.0733333333333,45.955,260
"Climenhaga Obs. Victoria, British Columbia",Modern Astronomical Observatory [74 meters AMSL],48.4633333333333,-123.308333333333,74,-123.308333333333,48.4633333333333,74
"David Dunlap Obs. Richmond Hill, Ontario",Modern Astronomical Observatory [244 meters AMSL],43.8633333333333,-79.4216666666667,244,-79.4216666666667,43.8633333333333,244
"Devon Ast. Obs. Devon, Alberta",Modern Astronomical Observatory [708 meters AMSL],53.39,-113.758333333333,708,-113.758333333333,53.39,708
"Dominion Astrophysical Obs. Victoria, British  Columbia",Modern Astronomical Observatory [238 meters AMSL],48.52,-123.416666666667,238,-123.416666666667,48.52,238
"Dominion Radio Astrophys. Obs. R Penticton, British  Columbia",Modern Astronomical Observatory [545 meters AMSL],49.32,-119.62,545,-119.62,49.32,545
"Elginfield Obs. London, Ontario",Modern Astronomical Observatory [323 meters AMSL],43.1916666666667,-81.315,323,-81.315,43.1916666666667,323
"Mont M�gantic Ast. Obs. M�gantic/Mont M�gantic,  Quebec",Modern Astronomical Observatory [1114 meters AMSL],45.455,-71.1533333333333,1114,-71.1533333333333,45.455,1114
"Ottawa River Solar Obs. Ottawa, Ontario",Modern Astronomical Observatory [58 meters AMSL],45.3866666666667,-75.8933333333333,58,-75.8933333333333,45.3866666666667,58
"Rothney Astrophysical Obs. I Priddis, Alberta",Modern Astronomical Observatory [1272 meters AMSL],50.8683333333333,-114.288333333333,1272,-114.288333333333,50.8683333333333,1272
ALMA Chajnantor,Modern Astronomical Observatory [5000 meters AMSL],-23.0057,-67.759,5000,-67.759,-23.0057,5000
Cerro Armazones Obs.,Modern Astronomical Observatory,-24.5975,-70.1963888888889,0,-70.1963888888889,-24.5975,0
Cerro Cal�n National Ast. Obs. Santiago/Cerro Cal�n,Modern Astronomical Observatory [860 meters AMSL],-33.3966666666667,-70.5466666666667,860,-70.5466666666667,-33.3966666666667,860
Cerro El Roble Ast. Obs. Santiago/Cerro El Roble,Modern Astronomical Observatory [2220 meters AMSL],-32.9816666666667,-71.02,2220,-71.02,-32.9816666666667,2220
Cerro Tololo Inter-Amer. Obs. R I La Serena/Cerro  Tololo,Modern Astronomical Observatory [2215 meters AMSL],-30.165,-70.815,2215,-70.815,-30.165,2215
European Southern Obs. R La Serena/Cerro La Silla,Modern Astronomical Observatory [2347 meters AMSL],-29.2566666666667,-70.73,2347,-70.73,-29.2566666666667,2347
Gemini South Obs. La Serena/Cerro Pach�n,Modern Astronomical Observatory [2725 meters AMSL],-30.2283333333333,-70.7233333333333,2725,-70.7233333333333,-30.2283333333333,2725
Las Campanas Obs. Vallenar/Cerro Las Campanas,Modern Astronomical Observatory [2282 meters AMSL],-29.0083333333333,-70.7,2282,-70.7,-29.0083333333333,2282
Maipu Radio Ast. Obs. R Maipu,Modern Astronomical Observatory [446 meters AMSL],-33.5016666666667,-70.8583333333333,446,-70.8583333333333,-33.5016666666667,446
Manuel Foster Astrophys. Obs. Santiago/Cerro San  Cristobal,Modern Astronomical Observatory [840 meters AMSL],-33.4183333333333,-70.63,840,-70.63,-33.4183333333333,840
Paranal Obs. Antofagasta/Cerro Paranal,Modern Astronomical Observatory [2635 meters AMSL],-24.625,-70.4033333333333,2635,-70.4033333333333,-24.625,2635
Beijing Normal Univ. Obs. R Beijing,Modern Astronomical Observatory [70 meters AMSL],39.9566666666667,116.36,70,116.36,39.9566666666667,70
Beijin Obs. Huairou Solar Station,Modern Astronomical Observatory,40.3158941485277,116.594195159989,0,116.594195159989,40.3158941485277,0
Beijing Obs. Sta. R Miyun,Modern Astronomical Observatory [160 meters AMSL],40.5566666666667,116.765,160,116.765,40.5566666666667,160
Beijing Obs. Sta. R L Shahe,Modern Astronomical Observatory [40 meters AMSL],40.1016666666667,116.328333333333,40,116.328333333333,40.1016666666667,40
Beijing Obs. Sta. Tianjing,Modern Astronomical Observatory [5 meters AMSL],39.1333333333333,117.058333333333,5,117.058333333333,39.1333333333333,5
Beijing Obs. Sta. I Xinglong,Modern Astronomical Observatory [870 meters AMSL],40.395,117.575,870,117.575,40.395,870
Purple Mountain Obs. R Nanjing/Purple Mtn.,Modern Astronomical Observatory [267 meters AMSL],32.0666666666667,118.821666666667,267,118.821666666667,32.0666666666667,267
Shaanxi Ast. Obs. R Lintong,Modern Astronomical Observatory [468 meters AMSL],34.945,109.551666666667,468,109.551666666667,34.945,468
Shanghai Obs. Sta. R L Sheshan,Modern Astronomical Observatory [100 meters AMSL],31.0966666666667,121.186666666667,100,121.186666666667,31.0966666666667,100
Shanghai Obs. Sta. R Urumqui,Modern Astronomical Observatory [2080 meters AMSL],43.4716666666667,87.1783333333333,2080,87.1783333333333,43.4716666666667,2080
Shanghai Obs. Sta. R Xujiahui,Modern Astronomical Observatory [5 meters AMSL],31.19,121.426666666667,5,121.426666666667,31.19,5
Wuchang Time Obs. L Wuhan,Modern Astronomical Observatory [28 meters AMSL],30.5416666666667,114.345,28,114.345,30.5416666666667,28
Yunnan Obs. R Kunming,Modern Astronomical Observatory [1940 meters AMSL],25.025,102.788333333333,1940,102.788333333333,25.025,1940
National Ast. Obs. Bogot�,Modern Astronomical Observatory [2640 meters AMSL],4.59833333333333,-74.0816666666667,2640,-74.0816666666667,4.59833333333333,2640
Geodetical Faculty Obs. Zagreb,Modern Astronomical Observatory [146 meters AMSL],45.825,16.0216666666667,146,16.0216666666667,45.825,146
Hvar Obs. Hvar,Modern Astronomical Observatory [238 meters AMSL],43.1783333333333,16.4483333333333,238,16.4483333333333,43.1783333333333,238
Charles Univ. Ast. Inst. Prague,Modern Astronomical Observatory [267 meters AMSL],50.0766666666667,14.395,267,14.395,50.0766666666667,267
Nicholas Copernicus Obs. Brno,Modern Astronomical Observatory [304 meters AMSL],49.2033333333333,16.5833333333333,304,16.5833333333333,49.2033333333333,304
Ondrejov Obs. R Ondrejov,Modern Astronomical Observatory [533 meters AMSL],49.91,14.7833333333333,533,14.7833333333333,49.91,533
Prostejov Obs. Prostejov,Modern Astronomical Observatory [225 meters AMSL],49.4866666666667,17.1633333333333,225,17.1633333333333,49.4866666666667,225
Valassk� Mezir�c� Obs. Valassk� Mezir�c�,Modern Astronomical Observatory [338 meters AMSL],49.4633333333333,17.975,338,17.975,49.4633333333333,338
Copenhagen Univ. Obs. Brorfelde,Modern Astronomical Observatory [90 meters AMSL],55.625,11.6666666666667,90,11.6666666666667,55.625,90
Copenhagen Univ. Obs. Copenhagen,Modern Astronomical Observatory,55.6866666666667,12.5766666666667,0,12.5766666666667,55.6866666666667,0
Ole R�mer Obs. �rhus,Modern Astronomical Observatory [50 meters AMSL],56.1283333333333,10.1966666666667,50,10.1966666666667,56.1283333333333,50
Quito Ast. Obs. Quito,Modern Astronomical Observatory [2818 meters AMSL],-0.216666666666667,-78.4983333333333,2818,-78.4983333333333,-0.216666666666667,2818
Helw�n Obs. Helw�n,Modern Astronomical Observatory [116 meters AMSL],29.8583333333333,31.38,116,31.38,29.8583333333333,116
Kottamia Obs. Kottamia,Modern Astronomical Observatory [476 meters AMSL],29.9316666666667,31.825,476,31.825,29.9316666666667,476
Wilhelm Struve Astrophys. Obs. Tartu,Modern Astronomical Observatory,58.2666666666667,26.4666666666667,0,26.4666666666667,58.2666666666667,0
European Incoh. Scatter Facility R Sodankyl�,Modern Astronomical Observatory [197 meters AMSL],67.3633333333333,26.6266666666667,197,26.6266666666667,67.3633333333333,197
Mets�hovi Obs. Kirkkonummi,Modern Astronomical Observatory [60 meters AMSL],60.22,24.3966666666667,60,24.3966666666667,60.22,60
Mets�hovi Obs. Radio Rsch. Sta. R Kirkkonummi,Modern Astronomical Observatory [61 meters AMSL],60.2183333333333,24.3933333333333,61,24.3933333333333,60.2183333333333,61
Nyrolan,Modern Astronomical Observatory,62.342222,25.513056,0,25.513056,62.342222,0
Tuorla Obs. Piikki�,Modern Astronomical Observatory [40 meters AMSL],60.4166666666667,22.4466666666667,40,22.4466666666667,60.4166666666667,40
Univ. of Helsinki Obs. Helsinki,Modern Astronomical Observatory [33 meters AMSL],60.1616666666667,24.955,33,24.955,60.1616666666667,33
Besan�on Obs. Besan�on,Modern Astronomical Observatory [312 meters AMSL],47.25,5.98666666666667,312,5.98666666666667,47.25,312
Bordeaux Univ. Obs. R Floirac,Modern Astronomical Observatory [73 meters AMSL],44.835,-0.528333333333333,73,-0.528333333333333,44.835,73
C�te d'Azur Obs. Nice/Mont Gros,Modern Astronomical Observatory [372 meters AMSL],43.7233333333333,7.30166666666667,372,7.30166666666667,43.7233333333333,372
C�te d'Azur Obs. Calern Sta. I L St. Vallier-de-Thiey,Modern Astronomical Observatory [1270 meters AMSL],43.7483333333333,6.92666666666667,1270,6.92666666666667,43.7483333333333,1270
Grenoble Obs. R Gap/Plateau de Bure,Modern Astronomical Observatory [2552 meters AMSL],44.6333333333333,5.90833333333333,2552,5.90833333333333,44.6333333333333,2552
Lyon Univ. Obs. St. Genis Laval,Modern Astronomical Observatory [299 meters AMSL],45.695,4.785,299,4.785,45.695,299
Marseille Provence,Modern Astronomical Observatory,43.305306,5.395,0,5.395,43.305306,0
Meudon Obs. Meudon,Modern Astronomical Observatory [162 meters AMSL],48.805,2.23166666666667,162,2.23166666666667,48.805,162
Millimeter Radio Ast. Inst. R Gap/Plateau de Bure,Modern Astronomical Observatory [2552 meters AMSL],44.6333333333333,5.90666666666667,2552,5.90666666666667,44.6333333333333,2552
Obs. of Haute-Provence Forcalquier/St. Michel,Modern Astronomical Observatory [665 meters AMSL],43.9316666666667,5.71333333333333,665,5.71333333333333,43.9316666666667,665
Odeillo Solar Obs.,Modern Astronomical Observatory,42.493959,2.029316,0,2.029316,42.493959,0
Paris Obs. Paris,Modern Astronomical Observatory [67 meters AMSL],48.8366666666667,2.33666666666667,67,2.33666666666667,48.8366666666667,67
Paris Obs. Radio Ast. Sta. R Nan�ay,Modern Astronomical Observatory [150 meters AMSL],47.38,2.19666666666667,150,2.19666666666667,47.38,150
Pic du Midi Obs. Bagn�res-de-Bigorre,Modern Astronomical Observatory [2861 meters AMSL],42.9366666666667,0.145,2861,0.145,42.9366666666667,2861
Strasbourg Obs. Strasbourg,Modern Astronomical Observatory [142 meters AMSL],48.5833333333333,7.77,142,7.77,48.5833333333333,142
Toulouse Univ. Obs. Toulouse,Modern Astronomical Observatory [195 meters AMSL],43.6116666666667,1.46333333333333,195,1.46333333333333,43.6116666666667,195
Abastumani Astrophysical Obs. R Abastumani/Mt.  Kanobili,Modern Astronomical Observatory [1583 meters AMSL],41.755,42.8216666666667,1583,42.8216666666667,41.755,1583
Archenhold Obs. Berlin,Modern Astronomical Observatory [41 meters AMSL],52.4866666666667,13.4783333333333,41,13.4783333333333,52.4866666666667,41
Bochum Obs. Bochum,Modern Astronomical Observatory [132 meters AMSL],51.465,7.22333333333333,132,7.22333333333333,51.465,132
Central Inst. for Earth Physics Potsdam,Modern Astronomical Observatory [91 meters AMSL],52.3816666666667,13.0666666666667,91,13.0666666666667,52.3816666666667,91
Einstein Tower Solar Obs. R Potsdam,Modern Astronomical Observatory [100 meters AMSL],52.38,13.065,100,13.065,52.38,100
European Southern Obs. Headquarters,Modern Astronomical Observatory,48.26,11.671,0,11.671,48.26,0
Friedrich Schiller Univ. Obs. Jena,Modern Astronomical Observatory [356 meters AMSL],50.93,11.4866666666667,356,11.4866666666667,50.93,356
G�ttingen Univ. Obs. G�ttingen,Modern Astronomical Observatory [159 meters AMSL],51.53,9.94333333333333,159,9.94333333333333,51.53,159
Hamburg Obs. Bergedorf,Modern Astronomical Observatory [45 meters AMSL],53.4816666666667,10.2416666666667,45,10.2416666666667,53.4816666666667,45
Hoher List Obs. Daun/Hoher List,Modern Astronomical Observatory [533 meters AMSL],50.1633333333333,6.85,533,6.85,50.1633333333333,533
Inst. of Geodesy Ast. Obs. Hannover,Modern Astronomical Observatory [71 meters AMSL],52.3883333333333,9.71333333333333,71,9.71333333333333,52.3883333333333,71
Karl Schwarzschild Obs. Tautenburg,Modern Astronomical Observatory [331 meters AMSL],50.9816666666667,11.7133333333333,331,11.7133333333333,50.9816666666667,331
Lohrmann Obs. Dresden,Modern Astronomical Observatory [324 meters AMSL],51.05,13.8716666666667,324,13.8716666666667,51.05,324
Max Planck Inst. for Radio Ast. R Effelsberg,Modern Astronomical Observatory [369 meters AMSL],50.5266666666667,6.885,369,6.885,50.5266666666667,369
Munich Univ. Obs. Munich,Modern Astronomical Observatory [529 meters AMSL],48.145,11.6083333333333,529,11.6083333333333,48.145,529
Potsdam Astrophysical Obs. Potsdam,Modern Astronomical Observatory [107 meters AMSL],52.3816666666667,13.0666666666667,107,13.0666666666667,52.3816666666667,107
Remeis Obs. Bamberg,Modern Astronomical Observatory [288 meters AMSL],49.885,10.89,288,10.89,49.885,288
Schauinsland Obs. Freiburg/Schauinsland Mtn.,Modern Astronomical Observatory [1240 meters AMSL],47.915,7.90666666666667,1240,7.90666666666667,47.915,1240
Sonneberg Obs. Sonneberg,Modern Astronomical Observatory [640 meters AMSL],50.3783333333333,11.1916666666667,640,11.1916666666667,50.3783333333333,640
State Obs. Heidelberg/K�nigstuhl,Modern Astronomical Observatory [570 meters AMSL],49.3983333333333,8.72166666666667,570,8.72166666666667,49.3983333333333,570
Stockert Radio Obs. R Eschweiler,Modern Astronomical Observatory [435 meters AMSL],50.57,6.72333333333333,435,6.72333333333333,50.57,435
Stuttgart Obs. Welzheim,Modern Astronomical Observatory [547 meters AMSL],48.875,9.59666666666667,547,9.59666666666667,48.875,547
Swabian Obs. Stuttgart,Modern Astronomical Observatory [354 meters AMSL],48.7833333333333,9.19666666666667,354,9.19666666666667,48.7833333333333,354
Tremsdorf Radio Ast. Obs. R Tremsdorf,Modern Astronomical Observatory [35 meters AMSL],52.285,13.1366666666667,35,13.1366666666667,52.285,35
T�bingen Univ. Ast. Obs. T�bingen,Modern Astronomical Observatory [470 meters AMSL],48.5383333333333,9.05833333333333,470,9.05833333333333,48.5383333333333,470
Wendelstein Solar Obs. Brannenburg,Modern Astronomical Observatory [1838 meters AMSL],47.7083333333333,12.0133333333333,1838,12.0133333333333,47.7083333333333,1838
Wilhelm Foerster Obs. Berlin,Modern Astronomical Observatory [78 meters AMSL],52.4583333333333,13.3533333333333,78,13.3533333333333,52.4583333333333,78
Kryonerion Ast. Obs. Ki�ton/Mt. Killini,Modern Astronomical Observatory [905 meters AMSL],37.9733333333333,22.6216666666667,905,22.6216666666667,37.9733333333333,905
National Obs. of Athens Athens,Modern Astronomical Observatory [110 meters AMSL],37.9733333333333,23.72,110,23.72,37.9733333333333,110
National Obs. Sta. R Pentele,Modern Astronomical Observatory [509 meters AMSL],38.0483333333333,23.8633333333333,509,23.8633333333333,38.0483333333333,509
Stephanion Obs. Stephanion,Modern Astronomical Observatory [800 meters AMSL],37.755,22.8283333333333,800,22.8283333333333,37.755,800
Univ. of Thessalon�ki Obs. Thessalon�ki,Modern Astronomical Observatory [28 meters AMSL],40.6166666666667,22.9583333333333,28,22.9583333333333,40.6166666666667,28
Incoherent Scatter Facility R S�ndre Str�mfjord,Modern Astronomical Observatory [180 meters AMSL],66.9866666666667,-50.95,180,-50.95,66.9866666666667,180
Heliophysical Obs. Debrecen,Modern Astronomical Observatory [132 meters AMSL],47.56,21.6233333333333,132,21.6233333333333,47.56,132
Heliophysical Obs. Sta. Gyula,Modern Astronomical Observatory [135 meters AMSL],46.6533333333333,21.27,135,21.27,46.6533333333333,135
Konkoly Obs. Budapest,Modern Astronomical Observatory [474 meters AMSL],47.5,18.965,474,18.965,47.5,474
Konkoly Obs. Sta. Piszk�stet�,Modern Astronomical Observatory [958 meters AMSL],47.9183333333333,19.895,958,19.895,47.9183333333333,958
Urania Obs. Budapest,Modern Astronomical Observatory [166 meters AMSL],47.485,19.065,166,19.065,47.485,166
Gauribidanur Radio Obs. R Gauribidanur,Modern Astronomical Observatory [686 meters AMSL],13.6033333333333,77.435,686,77.435,13.6033333333333,686
Gurushikhar Infrared Obs. I Abu,Modern Astronomical Observatory [1700 meters AMSL],24.6516666666667,72.78,1700,72.78,24.6516666666667,1700
Indian Ast. Obs. Hanle/Mt. Saraswati,Modern Astronomical Observatory [4467 meters AMSL],32.78,78.965,4467,78.965,32.78,4467
Japal-Rangapur Obs. R Japal,Modern Astronomical Observatory [695 meters AMSL],17.0983333333333,78.7283333333333,695,78.7283333333333,17.0983333333333,695
Kodaikanal Solar Obs. Kodaikanal,Modern Astronomical Observatory [2343 meters AMSL],10.23,77.4683333333333,2343,77.4683333333333,10.23,2343
National Centre for Radio Aph. Khodad,Modern Astronomical Observatory [650 meters AMSL],19.1,74.05,650,74.05,19.1,650
Nizamiah Obs. Hyderabad,Modern Astronomical Observatory [554 meters AMSL],17.4316666666667,78.4533333333333,554,78.4533333333333,17.4316666666667,554
Radio Ast. Center R Udhagamandalam (Ooty),Modern Astronomical Observatory [2150 meters AMSL],11.3816666666667,76.6666666666667,2150,76.6666666666667,11.3816666666667,2150
Uttar Pradesh State Obs. Naini Tal/Manora Peak,Modern Astronomical Observatory [1927 meters AMSL],29.3616666666667,79.4566666666667,1927,79.4566666666667,29.3616666666667,1927
Vainu Bappu Obs. Kavalur,Modern Astronomical Observatory [725 meters AMSL],12.5766666666667,78.8266666666667,725,78.8266666666667,12.5766666666667,725
Bosscha Obs. Lembang (Java),Modern Astronomical Observatory [1300 meters AMSL],-6.825,107.616666666667,1300,107.616666666667,-6.825,1300
Dunsink Obs. Castleknock,Modern Astronomical Observatory [85 meters AMSL],53.3883333333333,-6.33666666666667,85,-6.33666666666667,53.3883333333333,85
Florence and George Wise Obs. Mitzpe Ramon/Mt. Zin,Modern Astronomical Observatory [874 meters AMSL],30.5966666666667,34.7633333333333,874,34.7633333333333,30.5966666666667,874
Arcetri Astrophysical Obs. Arcetri,Modern Astronomical Observatory [184 meters AMSL],43.7533333333333,11.255,184,11.255,43.7533333333333,184
Asiago Astrophysical Obs. Asiago,Modern Astronomical Observatory [1045 meters AMSL],45.8616666666667,11.5283333333333,1045,11.5283333333333,45.8616666666667,1045
Bologna Univ. Obs. Loiano,Modern Astronomical Observatory [785 meters AMSL],44.2583333333333,11.3366666666667,785,11.3366666666667,44.2583333333333,785
Brera-Milan Ast. Obs. Merate,Modern Astronomical Observatory [340 meters AMSL],45.7,9.42833333333333,340,9.42833333333333,45.7,340
Brera-Milan Ast. Obs. Milan,Modern Astronomical Observatory [146 meters AMSL],45.4666666666667,9.19166666666667,146,9.19166666666667,45.4666666666667,146
Cagliari Ast. Obs. L Capoterra,Modern Astronomical Observatory [205 meters AMSL],39.1366666666667,8.97666666666667,205,8.97666666666667,39.1366666666667,205
Capodimonte Ast. Obs. Naples,Modern Astronomical Observatory [150 meters AMSL],40.8633333333333,14.255,150,14.255,40.8633333333333,150
Catania Astrophysical Obs. Catania,Modern Astronomical Observatory [47 meters AMSL],37.5033333333333,15.0866666666667,47,15.0866666666667,37.5033333333333,47
Catania Obs. Stellar Sta. Catania/Serra la Nave,Modern Astronomical Observatory [1735 meters AMSL],37.6916666666667,14.9733333333333,1735,14.9733333333333,37.6916666666667,1735
Chaonis Obs. Chions,Modern Astronomical Observatory [15 meters AMSL],45.8433333333333,12.7116666666667,15,12.7116666666667,45.8433333333333,15
Collurania Ast. Obs. Teramo,Modern Astronomical Observatory [388 meters AMSL],42.6583333333333,13.7333333333333,388,13.7333333333333,42.6583333333333,388
Damecuta Obs. Anacapri,Modern Astronomical Observatory [137 meters AMSL],40.5583333333333,14.1966666666667,137,14.1966666666667,40.5583333333333,137
International Latitude Obs. Carloforte,Modern Astronomical Observatory [22 meters AMSL],39.1372222222222,8.31166666666667,22,8.31166666666667,39.1372222222222,22
Medicina Radio Ast. Sta. R Medicina,Modern Astronomical Observatory [44 meters AMSL],44.52,11.645,44,11.645,44.52,44
Mount Ekar Obs. Asiago/Mt. Ekar,Modern Astronomical Observatory [1350 meters AMSL],45.8433333333333,11.5716666666667,1350,11.5716666666667,45.8433333333333,1350
Padua Ast. Obs. Padua,Modern Astronomical Observatory [38 meters AMSL],45.4,11.8716666666667,38,11.8716666666667,45.4,38
Palermo Univ. Ast. Obs. Palermo,Modern Astronomical Observatory [72 meters AMSL],38.1116666666667,13.3583333333333,72,13.3583333333333,38.1116666666667,72
Rome Obs. Rome/Monte Mario,Modern Astronomical Observatory [152 meters AMSL],41.9216666666667,12.4516666666667,152,12.4516666666667,41.9216666666667,152
San Vittore Obs. Bologna,Modern Astronomical Observatory [280 meters AMSL],44.4683333333333,11.3416666666667,280,11.3416666666667,44.4683333333333,280
Trieste Ast. Obs. R Trieste,Modern Astronomical Observatory [400 meters AMSL],45.643269,13.875405,400,13.875405,45.643269,400
Turin Ast. Obs. Pino Torinese,Modern Astronomical Observatory [622 meters AMSL],45.0383333333333,7.775,622,7.775,45.0383333333333,622
Dodaira Obs. L Tokyo/Mt. Dodaira,Modern Astronomical Observatory [879 meters AMSL],36.0033333333333,139.196666666667,879,139.196666666667,36.0033333333333,879
Hida Obs. Kamitakara,Modern Astronomical Observatory [1276 meters AMSL],36.2483333333333,137.308333333333,1276,137.308333333333,36.2483333333333,1276
Hiraiso Solar Terr. Rsch. Center R Nakaminato,Modern Astronomical Observatory [27 meters AMSL],36.3666666666667,140.625,27,140.625,36.3666666666667,27
Kagoshima Space Center R Uchinoura,Modern Astronomical Observatory [228 meters AMSL],31.2283333333333,131.066666666667,228,131.066666666667,31.2283333333333,228
Kashima Space Reseach Center R Kashima,Modern Astronomical Observatory [32 meters AMSL],35.955,140.663333333333,32,140.663333333333,35.955,32
Kiso Obs. Kiso,Modern Astronomical Observatory [1130 meters AMSL],35.7933333333333,137.628333333333,1130,137.628333333333,35.7933333333333,1130
Kwasan Obs. Kyoto,Modern Astronomical Observatory [221 meters AMSL],34.995,135.793333333333,221,135.793333333333,34.995,221
Kyoto Univ. Ast. Dept. Obs. Kyoto,Modern Astronomical Observatory [86 meters AMSL],35.0283333333333,135.786666666667,86,135.786666666667,35.0283333333333,86
Kyoto Univ. Physics Dept. Obs. Kyoto,Modern Astronomical Observatory [80 meters AMSL],35.0283333333333,135.786666666667,80,135.786666666667,35.0283333333333,80
Mizusawa Astrogeodynamics Obs. Mizusawa,Modern Astronomical Observatory [61 meters AMSL],39.135,141.131666666667,61,141.131666666667,39.135,61
Nagoya Univ. Fujigane Sta. R Kamiku Isshiki,Modern Astronomical Observatory [1015 meters AMSL],35.4266666666667,138.611666666667,1015,138.611666666667,35.4266666666667,1015
Nagoya Univ. Radio Ast. Lab. R Nagoya,Modern Astronomical Observatory [75 meters AMSL],35.1483333333333,136.973333333333,75,136.973333333333,35.1483333333333,75
Nagoya Univ. Sugadaira Sta. R Toyokawa,Modern Astronomical Observatory [1280 meters AMSL],36.52,138.321666666667,1280,138.321666666667,36.52,1280
Nagoya Univ. Toyokawa Sta. R Toyokawa,Modern Astronomical Observatory [25 meters AMSL],34.835,137.37,25,137.37,34.835,25
National Ast. Obs. R Mitaka,Modern Astronomical Observatory [58 meters AMSL],35.6716666666667,139.541666666667,58,139.541666666667,35.6716666666667,58
Nobeyama Cosmic Radio Obs. R Nobeyama,Modern Astronomical Observatory [1350 meters AMSL],35.9333333333333,138.483333333333,1350,138.483333333333,35.9333333333333,1350
Nobeyama Solar Radio Obs. R Nobeyama,Modern Astronomical Observatory [1350 meters AMSL],35.9383333333333,138.48,1350,138.48,35.9383333333333,1350
Norikura Solar Obs. I Matsumoto/Mt. Norikura,Modern Astronomical Observatory [2876 meters AMSL],36.1133333333333,137.555,2876,137.555,36.1133333333333,2876
Okayama Astrophysical Obs. Kurashiki/Mt. Chikurin,Modern Astronomical Observatory [372 meters AMSL],34.5733333333333,133.596666666667,372,133.596666666667,34.5733333333333,372
Sendai Ast. Obs. Sendai,Modern Astronomical Observatory [45 meters AMSL],38.2566666666667,140.865,45,140.865,38.2566666666667,45
Simosato Hydrographic Obs. R L Simosato,Modern Astronomical Observatory [63 meters AMSL],33.575,135.94,63,135.94,33.575,63
Sirahama Hydrographic Obs. Sirahama,Modern Astronomical Observatory [172 meters AMSL],34.7133333333333,138.988333333333,172,138.988333333333,34.7133333333333,172
Super-Kamiokande N Obs.,Modern Astronomical Observatory [-2400 meters AMSL],36.43,137.31,-2400,137.31,36.43,-2400
Tohoku Univ. Obs. Sendai,Modern Astronomical Observatory [153 meters AMSL],38.2566666666667,140.843333333333,153,140.843333333333,38.2566666666667,153
Tokyo Hydrographic Obs. Tokyo,Modern Astronomical Observatory [41 meters AMSL],35.6616666666667,139.77,41,139.77,35.6616666666667,41
Toyokawa Obs. R Toyokawa,Modern Astronomical Observatory [18 meters AMSL],34.8366666666667,137.371666666667,18,137.371666666667,34.8366666666667,18
Mountain Obs. Alma-Ata,Modern Astronomical Observatory [1450 meters AMSL],43.1883333333333,76.9566666666667,1450,76.9566666666667,43.1883333333333,1450
Bohyunsan Optical Ast. Obs. Youngchun/Mt. Bohyun,Modern Astronomical Observatory [1127 meters AMSL],36.1666666666667,128.976666666667,1127,128.976666666667,36.1666666666667,1127
Daeduk Radio Ast. Obs. R Taejeon,Modern Astronomical Observatory [120 meters AMSL],36.3983333333333,127.371666666667,120,127.371666666667,36.3983333333333,120
Korea Ast. Obs. Taejeon,Modern Astronomical Observatory [120 meters AMSL],36.3983333333333,127.371666666667,120,127.371666666667,36.3983333333333,120
Sobaeksan Ast. Obs. Danyang,Modern Astronomical Observatory [1390 meters AMSL],36.9333333333333,128.456666666667,1390,128.456666666667,36.9333333333333,1390
Latvian State Univ. Ast. Obs. L Riga,Modern Astronomical Observatory [39 meters AMSL],56.9516666666667,24.1166666666667,39,24.1166666666667,56.9516666666667,39
Riga Radio-Astrophysical Obs. R Riga,Modern Astronomical Observatory [75 meters AMSL],56.7833333333333,24.4,75,24.4,56.7833333333333,75
Moletai Ast. Obs. Moletai,Modern Astronomical Observatory [220 meters AMSL],55.3166666666667,25.5633333333333,220,25.5633333333333,55.3166666666667,220
Vilnius Ast. Obs. Vilnius,Modern Astronomical Observatory [122 meters AMSL],54.6833333333333,25.2866666666667,122,25.2866666666667,54.6833333333333,122
Guillermo Haro Astrophys. Obs. Cananea/La Mariquita  Mtn.,Modern Astronomical Observatory [2480 meters AMSL],31.0533333333333,-110.383333333333,2480,-110.383333333333,31.0533333333333,2480
National Ast. Obs. San Felipe (Baja),Modern Astronomical Observatory [2830 meters AMSL],31.0433333333333,-115.463333333333,2830,-115.463333333333,31.0433333333333,2830
National Ast. Obs. R Tonantzintla,Modern Astronomical Observatory [2150 meters AMSL],19.0333333333333,-98.3133333333333,2150,-98.3133333333333,19.0333333333333,2150
Catholic Univ. Ast. Inst. Nijmegen,Modern Astronomical Observatory [62 meters AMSL],51.825,5.86833333333333,62,5.86833333333333,51.825,62
Dwingeloo Radio Obs. R Dwingeloo,Modern Astronomical Observatory [25 meters AMSL],52.8133333333333,6.39666666666667,25,6.39666666666667,52.8133333333333,25
Kapteyn Obs. Roden,Modern Astronomical Observatory [12 meters AMSL],53.1283333333333,6.44333333333333,12,6.44333333333333,53.1283333333333,12
Leiden Obs. Current,Modern Astronomical Observatory,52.168707,4.458132,0,4.458132,52.168707,0
Leiden Obs. Leiden,Modern Astronomical Observatory [12 meters AMSL],52.155,4.485,12,4.485,52.155,12
Simon Stevin Obs. R Hoeven,Modern Astronomical Observatory [9 meters AMSL],51.5666666666667,4.56333333333333,9,4.56333333333333,51.5666666666667,9
Sonnenborgh Obs. Utrecht,Modern Astronomical Observatory [14 meters AMSL],52.0866666666667,5.13,14,5.13,52.0866666666667,14
Westerbork Radio Ast. Obs. R Westerbork,Modern Astronomical Observatory [16 meters AMSL],52.9166666666667,6.605,16,6.605,52.9166666666667,16
Auckland Obs. Auckland,Modern Astronomical Observatory [80 meters AMSL],-36.9066666666667,174.778333333333,80,174.778333333333,-36.9066666666667,80
Carter Obs. Wellington,Modern Astronomical Observatory [129 meters AMSL],-41.2866666666667,174.766666666667,129,174.766666666667,-41.2866666666667,129
Carter Obs. Sta. Blenheim/Black Birch,Modern Astronomical Observatory [1396 meters AMSL],-41.7483333333333,173.803333333333,1396,173.803333333333,-41.7483333333333,1396
Mount John Univ. Obs. Lake Tekapo/Mt. John,Modern Astronomical Observatory [1027 meters AMSL],-43.9866666666667,170.465,1027,170.465,-43.9866666666667,1027
European Incoh. Scatter Facility R Troms�,Modern Astronomical Observatory [85 meters AMSL],69.5866666666667,19.52,85,19.52,69.5866666666667,85
Skibotn Ast. Obs. Skibotn,Modern Astronomical Observatory [157 meters AMSL],69.3483333333333,20.365,157,20.365,69.3483333333333,157
Manila Obs. R Quezon City,Modern Astronomical Observatory [58 meters AMSL],14.6366666666667,121.076666666667,58,121.076666666667,14.6366666666667,58
Pagasa Ast. Obs. Quezon City,Modern Astronomical Observatory [70 meters AMSL],14.6533333333333,121.071666666667,70,121.071666666667,14.6533333333333,70
Astronomical Latitude Obs. L Borowiec,Modern Astronomical Observatory [80 meters AMSL],52.2766666666667,17.075,80,17.075,52.2766666666667,80
Jagellonian Obs. Ft. Skala Sta. R Cracow,Modern Astronomical Observatory [314 meters AMSL],50.055,19.8266666666667,314,19.8266666666667,50.055,314
Jagellonian Univ. Ast. Obs. Cracow,Modern Astronomical Observatory [225 meters AMSL],50.065,19.96,225,19.96,50.065,225
Mount Suhora Obs. Koninki/Mt. Suhora,Modern Astronomical Observatory [1000 meters AMSL],49.57,20.0666666666667,1000,20.0666666666667,49.57,1000
Piwnice Ast. Obs. R Piwnice,Modern Astronomical Observatory [100 meters AMSL],53.095,18.5566666666667,100,18.5566666666667,53.095,100
Poznan Univ. Ast. Obs. L Poznan,Modern Astronomical Observatory [85 meters AMSL],52.3966666666667,16.8783333333333,85,16.8783333333333,52.3966666666667,85
Warsaw Univ. Ast. Obs. Ostrowik,Modern Astronomical Observatory [138 meters AMSL],52.09,21.42,138,21.42,52.09,138
Wroclaw Univ. Ast. Obs. Wroclaw,Modern Astronomical Observatory [115 meters AMSL],51.1116666666667,17.0883333333333,115,17.0883333333333,51.1116666666667,115
Wroclaw Univ. Bialkow Sta. Wasosz,Modern Astronomical Observatory [140 meters AMSL],51.475,16.66,140,16.66,51.475,140
Coimbra Ast. Obs. Coimbra,Modern Astronomical Observatory [99 meters AMSL],40.2066666666667,-8.43,99,-8.43,40.2066666666667,99
Lisbon Ast. Obs. Lisbon,Modern Astronomical Observatory [111 meters AMSL],38.7116666666667,-9.18666666666667,111,-9.18666666666667,38.7116666666667,111
Prof. Manuel de Barros Obs. R Vila Nova de Gaia,Modern Astronomical Observatory [232 meters AMSL],41.1083333333333,-8.58833333333333,232,-8.58833333333333,41.1083333333333,232
Arecibo Obs. R Arecibo,Modern Astronomical Observatory [496 meters AMSL],18.3433333333333,-66.7533333333333,496,-66.7533333333333,18.3433333333333,496
Bucharest Ast. Obs. Bucharest,Modern Astronomical Observatory [81 meters AMSL],44.4133333333333,26.0966666666667,81,26.0966666666667,44.4133333333333,81
Cluj-Napoca Ast. Obs. Cluj-Napoca,Modern Astronomical Observatory [750 meters AMSL],46.7133333333333,23.5983333333333,750,23.5983333333333,46.7133333333333,750
Engelhardt Ast. Obs. Kazan,Modern Astronomical Observatory [98 meters AMSL],55.8383333333333,48.815,98,48.815,55.8383333333333,98
Irkutsk Ast. Obs. Irkutsk,Modern Astronomical Observatory [468 meters AMSL],52.2783333333333,104.345,468,104.345,52.2783333333333,468
Kaliningrad Univ. Obs. Kaliningrad,Modern Astronomical Observatory [24 meters AMSL],54.7133333333333,20.495,24,20.495,54.7133333333333,24
Kazan Univ. Obs. Kazan,Modern Astronomical Observatory [79 meters AMSL],55.79,49.1216666666667,79,49.1216666666667,55.79,79
Pulkovo Obs. R Pulkovo,Modern Astronomical Observatory [75 meters AMSL],59.7733333333333,30.3266666666667,75,30.3266666666667,59.7733333333333,75
Pulkovo Obs. Sta. Kislovodsk/Shat Jat Mass Mtn.,Modern Astronomical Observatory [2130 meters AMSL],43.7333333333333,42.53,2130,42.53,43.7333333333333,2130
Sayan Mtns. Radiophys. Obs. Sayan Mountains,Modern Astronomical Observatory [832 meters AMSL],51.7583333333333,102.208333333333,832,102.208333333333,51.7583333333333,832
Special Astrophysical Obs. R  Zelenchukskaya/Pasterkhov Mtn.,Modern Astronomical Observatory [2100 meters AMSL],43.6533333333333,41.4416666666667,2100,41.4416666666667,43.6533333333333,2100
St. Petersburg Univ. Obs. St. Petersburg,Modern Astronomical Observatory [3 meters AMSL],59.9416666666667,30.295,3,30.295,59.9416666666667,3
Sternberg State Ast. Inst. Moscow,Modern Astronomical Observatory [195 meters AMSL],55.7,37.545,195,37.545,55.7,195
Tomsk Univ. Obs. Tomsk,Modern Astronomical Observatory [130 meters AMSL],56.4683333333333,84.9466666666667,130,84.9466666666667,56.4683333333333,130
Lomnick� St�t Coronal Obs. Poprad/Mt. Lomnick�  St�t,Modern Astronomical Observatory [2632 meters AMSL],49.1966666666667,20.22,2632,20.22,49.1966666666667,2632
Skalnat� Pleso Obs. Poprad,Modern Astronomical Observatory [1783 meters AMSL],49.1883333333333,20.245,1783,20.245,49.1883333333333,1783
Slovak Technical Univ. Obs. Bratislava,Modern Astronomical Observatory [171 meters AMSL],48.155,17.12,171,17.12,48.155,171
Boyden Obs. Mazelspoort,Modern Astronomical Observatory [1387 meters AMSL],-29.0383333333333,26.405,1387,26.405,-29.0383333333333,1387
Hartebeeshoek Radio Ast. Obs. R Hartebeeshoek,Modern Astronomical Observatory [1391 meters AMSL],-25.89,27.685,1391,27.685,-25.89,1391
Leiden Obs. Southern Sta. Hartebeespoort,Modern Astronomical Observatory [1220 meters AMSL],-25.7733333333333,27.8766666666667,1220,27.8766666666667,-25.7733333333333,1220
South African Ast. Obs. Cape Town,Modern Astronomical Observatory [18 meters AMSL],-33.935,18.4783333333333,18,18.4783333333333,-33.935,18
South African Ast. Obs. Sta. Sutherland,Modern Astronomical Observatory [1771 meters AMSL],-32.3783333333333,20.8116666666667,1771,20.8116666666667,-32.3783333333333,1771
Deep Space Sta. R Cebreros,Modern Astronomical Observatory [789 meters AMSL],40.455,-4.36666666666667,789,-4.36666666666667,40.455,789
Deep Space Sta. R Robledo,Modern Astronomical Observatory [774 meters AMSL],40.43,-4.24833333333333,774,-4.24833333333333,40.43,774
Ebro Obs. R Roquetas,Modern Astronomical Observatory [50 meters AMSL],40.82,0.493333333333333,50,0.493333333333333,40.82,50
German Spanish Ast. Center G�rgal/Calar Alto Mtn.,Modern Astronomical Observatory [2168 meters AMSL],37.23,-2.53666666666667,2168,-2.53666666666667,37.23,2168
Millimeter Radio Ast. Inst. R Granada/Pico Veleta,Modern Astronomical Observatory [2870 meters AMSL],37.0683333333333,-3.4,2870,-3.4,37.0683333333333,2870
National Ast. Obs. Madrid,Modern Astronomical Observatory [670 meters AMSL],40.41,-3.685,670,-3.685,40.41,670
National Obs. Ast. Center R Yebes,Modern Astronomical Observatory [914 meters AMSL],40.525,-3.1,914,-3.1,40.525,914
Naval Obs. L San Fernando,Modern Astronomical Observatory [27 meters AMSL],36.4666666666667,-6.20333333333333,27,-6.20333333333333,36.4666666666667,27
Ramon Maria Aller Obs. Santiago de Compostela,Modern Astronomical Observatory [240 meters AMSL],42.875,-8.56,240,-8.56,42.875,240
Roque de los Muchachos Obs. La Palma Island  (Canaries),Modern Astronomical Observatory [2326 meters AMSL],28.76,-17.8816666666667,2326,-17.8816666666667,28.76,2326
Teide Obs. R I Tenerife Island (Canaries),Modern Astronomical Observatory [2395 meters AMSL],28.2916666666667,-16.4966666666667,2395,-16.4966666666667,28.2916666666667,2395
European Incoh. Scatter Facility R Kiruna,Modern Astronomical Observatory [418 meters AMSL],67.86,20.435,418,20.435,67.86,418
Kvistaberg Obs. Bro,Modern Astronomical Observatory [33 meters AMSL],59.5016666666667,17.6066666666667,33,17.6066666666667,59.5016666666667,33
Lund Obs. Lund,Modern Astronomical Observatory [34 meters AMSL],55.6983333333333,13.1866666666667,34,13.1866666666667,55.6983333333333,34
Lund Obs. J�van Sta. Bj�rnstorp,Modern Astronomical Observatory [145 meters AMSL],55.6233333333333,13.4333333333333,145,13.4333333333333,55.6233333333333,145
Onsala Space Obs. R Onsala,Modern Astronomical Observatory [24 meters AMSL],57.3933333333333,11.9183333333333,24,11.9183333333333,57.3933333333333,24
Stockholm Obs. Saltsj�baden,Modern Astronomical Observatory [60 meters AMSL],59.2716666666667,18.3083333333333,60,18.3083333333333,59.2716666666667,60
Arosa Astrophysical Obs. Arosa,Modern Astronomical Observatory [2050 meters AMSL],46.7833333333333,9.66833333333333,2050,9.66833333333333,46.7833333333333,2050
Basle Univ. Ast. Inst. Binningen,Modern Astronomical Observatory [318 meters AMSL],47.5416666666667,7.58333333333333,318,7.58333333333333,47.5416666666667,318
Cantonal Obs. Neuch�tel,Modern Astronomical Observatory [488 meters AMSL],46.9983333333333,6.95833333333333,488,6.95833333333333,46.9983333333333,488
Geneva Obs. Sauverny,Modern Astronomical Observatory [465 meters AMSL],46.3066666666667,6.13666666666667,465,6.13666666666667,46.3066666666667,465
Gornergrat North & South Obs. R I  Zermatt/Gornergrat,Modern Astronomical Observatory [3135 meters AMSL],45.985,7.785,3135,7.785,45.985,3135
High Alpine Research Obs. M�rren/Jungfraujoch,Modern Astronomical Observatory [3576 meters AMSL],46.5483333333333,7.985,3576,7.985,46.5483333333333,3576
Swiss Federal Obs. Z�rich,Modern Astronomical Observatory [469 meters AMSL],47.3766666666667,8.55166666666667,469,8.55166666666667,47.3766666666667,469
Univ. of Lausanne Obs. Chavannes-des-Bois,Modern Astronomical Observatory [465 meters AMSL],46.3066666666667,6.13666666666667,465,6.13666666666667,46.3066666666667,465
Zimmerwald Obs. Zimmerwald,Modern Astronomical Observatory [929 meters AMSL],46.8766666666667,7.465,929,7.465,46.8766666666667,929
Inst. of Astrophysics Dushanbe,Modern Astronomical Observatory [820 meters AMSL],38.5616666666667,68.7816666666667,820,68.7816666666667,38.5616666666667,820
National Central Univ. Obs. Chung-li,Modern Astronomical Observatory [152 meters AMSL],24.97,121.186666666667,152,121.186666666667,24.97,152
Taipei Obs. Taipei,Modern Astronomical Observatory [31 meters AMSL],25.0783333333333,121.526666666667,31,121.526666666667,25.0783333333333,31
Ege Univ. Obs. Bornova,Modern Astronomical Observatory [795 meters AMSL],38.3983333333333,27.275,795,27.275,38.3983333333333,795
Istanbul Univ. Obs. Istanbul,Modern Astronomical Observatory [65 meters AMSL],41.0116666666667,28.965,65,28.965,41.0116666666667,65
Kandilli Obs. Istanbul,Modern Astronomical Observatory [120 meters AMSL],41.0633333333333,29.0616666666667,120,29.0616666666667,41.0633333333333,120
T�bitak National Obs. Antalya/Mt. Bakirlitepe,Modern Astronomical Observatory [2515 meters AMSL],36.825,30.335,2515,30.335,36.825,2515
Univ. of Ankara Obs. R Ankara,Modern Astronomical Observatory [1266 meters AMSL],39.8433333333333,32.78,1266,32.78,39.8433333333333,1266
Crimean Astrophysical Obs. Partizanskoye,Modern Astronomical Observatory [550 meters AMSL],44.7283333333333,34.0166666666667,550,34.0166666666667,44.7283333333333,550
Crimean Astrophysical Obs. R Simeis,Modern Astronomical Observatory [676 meters AMSL],44.535,34.0166666666667,676,34.0166666666667,44.535,676
Inst. of Radio Ast. R Kharkov,Modern Astronomical Observatory [150 meters AMSL],49.6333333333333,36.9333333333333,150,36.9333333333333,49.6333333333333,150
Kharkov Univ. Ast. Obs. Kharkov,Modern Astronomical Observatory [138 meters AMSL],50.0033333333333,36.2316666666667,138,36.2316666666667,50.0033333333333,138
Kiev Univ. Obs. Kiev,Modern Astronomical Observatory [184 meters AMSL],50.4533333333333,30.4983333333333,184,30.4983333333333,50.4533333333333,184
Lvov Univ. Obs. Lvov,Modern Astronomical Observatory [330 meters AMSL],49.8333333333333,24.03,330,24.03,49.8333333333333,330
Main Ast. Obs. Kiev,Modern Astronomical Observatory [188 meters AMSL],50.365,30.5066666666667,188,30.5066666666667,50.365,188
Nikolaev Ast. Obs. Nikolaev,Modern Astronomical Observatory [54 meters AMSL],46.9716666666667,31.975,54,31.975,46.9716666666667,54
Odessa Obs. Odessa,Modern Astronomical Observatory [60 meters AMSL],46.4766666666667,30.7583333333333,60,30.7583333333333,46.4766666666667,60
"Armagh Obs. Armagh, Northern Ireland",Modern Astronomical Observatory [64 meters AMSL],54.3533333333333,-6.64833333333333,64,-6.64833333333333,54.3533333333333,64
"Cambridge Univ. Obs. Cambridge, England",Modern Astronomical Observatory [30 meters AMSL],52.2133333333333,0.095,30,0.095,52.2133333333333,30
"Chilbolton Obs. R Chilbolton, England",Modern Astronomical Observatory [92 meters AMSL],51.145,-1.43666666666667,92,-1.43666666666667,51.145,92
"City Obs. Edinburgh, Scotland",Modern Astronomical Observatory [107 meters AMSL],55.9566666666667,-3.18,107,-3.18,55.9566666666667,107
"Coats Obs. Paisley, Scotland",Modern Astronomical Observatory,55.8455,-4.43115,0,-4.43115,55.8455,0
"Godlee Obs. Manchester, England",Modern Astronomical Observatory [77 meters AMSL],53.4766666666667,-2.23333333333333,77,-2.23333333333333,53.4766666666667,77
"Jodrell Bank Obs. R Macclesfield, England",Modern Astronomical Observatory [78 meters AMSL],53.2366666666667,-2.30666666666667,78,-2.30666666666667,53.2366666666667,78
"Mills Obs. Dundee, Scotland",Modern Astronomical Observatory [152 meters AMSL],56.465,-3.01166666666667,152,-3.01166666666667,56.465,152
"Mullard Radio Ast. Obs. R Cambridge, England",Modern Astronomical Observatory [17 meters AMSL],52.17,0.0433333333333333,17,0.0433333333333333,52.17,17
"Royal Obs. Greenwich, England",Modern Astronomical Observatory,51.4772222222222,0,0,0,51.4772222222222,0
"Royal Obs. Edinburgh Edinburgh, Scotland",Modern Astronomical Observatory [146 meters AMSL],55.925,-3.18333333333333,146,-3.18333333333333,55.925,146
"Satellite Laser Ranger Group L Herstmonceux, England",Modern Astronomical Observatory [31 meters AMSL],50.8666666666667,0.338333333333333,31,0.338333333333333,50.8666666666667,31
"Univ. of Glasgow Obs. Glasgow, Scotland",Modern Astronomical Observatory [53 meters AMSL],55.9016666666667,-4.305,53,-4.305,55.9016666666667,53
"Univ. of London Obs. Mill Hill, England",Modern Astronomical Observatory [81 meters AMSL],51.6133333333333,-0.24,81,-0.24,51.6133333333333,81
"Univ. of St. Andrews Obs. St. Andrews, Scotland",Modern Astronomical Observatory [30 meters AMSL],56.3366666666667,-2.815,30,-2.815,56.3366666666667,30
Swanson Observatory and Angele Observatory/Monte Sano,Modern Astronomical Observatory,34.74949,-86.51395,0,-86.51395,34.74949,0
Univ. of Alabama Obs. Tuscaloosa,Modern Astronomical Observatory [87 meters AMSL],33.21,-87.5416666666667,87,-87.5416666666667,33.21,87
Fred L. Whipple Obs. Amado/Mt. Hopkins,Modern Astronomical Observatory [2344 meters AMSL],31.6816666666667,-110.876666666667,2344,-110.876666666667,31.6816666666667,2344
Kitt Peak National Obs. Tucson/Kitt Peak,Modern Astronomical Observatory [2120 meters AMSL],31.9633333333333,-111.6,2120,-111.6,31.9633333333333,2120
Lowell Obs. Flagstaff,Modern Astronomical Observatory [2219 meters AMSL],35.2033333333333,-111.665,2219,-111.665,35.2033333333333,2219
Lowell Obs. Sta. Flagstaff/Anderson Mesa,Modern Astronomical Observatory [2200 meters AMSL],35.0966666666667,-111.536666666667,2200,-111.536666666667,35.0966666666667,2200
McGraw-Hill Obs. Tucson/Kitt Peak,Modern Astronomical Observatory [1925 meters AMSL],31.95,-111.616666666667,1925,-111.616666666667,31.95,1925
MMT Obs. Amado/Mt. Hopkins,Modern Astronomical Observatory [2608 meters AMSL],31.6883333333333,-110.885,2608,-110.885,31.6883333333333,2608
Mount Lemmon Infrared Obs. I Tucson/Mt. Lemmon,Modern Astronomical Observatory [2776 meters AMSL],32.4416666666667,-110.791666666667,2776,-110.791666666667,32.4416666666667,2776
National Radio Ast. Obs. R Tucson/Kitt Peak,Modern Astronomical Observatory [1939 meters AMSL],31.9533333333333,-111.615,1939,-111.615,31.9533333333333,1939
Northern Arizona Univ. Obs. Flagstaff,Modern Astronomical Observatory [2110 meters AMSL],35.185,-111.653333333333,2110,-111.653333333333,35.185,2110
ROLO Flagstaff,Modern Astronomical Observatory,35.214722,-111.634431,0,-111.634431,35.214722,0
Steward Obs. Tucson,Modern Astronomical Observatory [757 meters AMSL],32.2333333333333,-110.948333333333,757,-110.948333333333,32.2333333333333,757
Steward Obs. Catalina Sta. Tucson/Mt. Bigelow,Modern Astronomical Observatory [2510 meters AMSL],32.4166666666667,-110.731666666667,2510,-110.731666666667,32.4166666666667,2510
Steward Obs. Catalina Sta. Tucson/Mt. Lemmon,Modern Astronomical Observatory [2790 meters AMSL],32.4433333333333,-110.788333333333,2790,-110.788333333333,32.4433333333333,2790
Steward Obs. Catalina Sta. Tucson/Tumamoc Hill,Modern Astronomical Observatory [950 meters AMSL],32.2133333333333,-111.005,950,-111.005,32.2133333333333,950
Steward Obs. Sta. Tucson/Kitt Peak,Modern Astronomical Observatory [2071 meters AMSL],31.9633333333333,-111.6,2071,-111.6,31.9633333333333,2071
Submillimeter Telescope Obs. R Safford/Mt. Graham,Modern Astronomical Observatory [3190 meters AMSL],32.7016666666667,-109.891666666667,3190,-109.891666666667,32.7016666666667,3190
U.S. Naval Obs. Sta. Flagstaff,Modern Astronomical Observatory [2316 meters AMSL],35.1833333333333,-111.74,2316,-111.74,35.1833333333333,2316
Vatican Obs. Research Group I Safford/Mt. Graham,Modern Astronomical Observatory [3181 meters AMSL],32.7016666666667,-109.891666666667,3181,-109.891666666667,32.7016666666667,3181
Warner and Swasey Obs. Sta. Tucson/Kitt Peak,Modern Astronomical Observatory [2084 meters AMSL],31.96,-111.598333333333,2084,-111.598333333333,31.96,2084
Celestial,Modern Astronomical Observatory,35.295278,-93.136389,0,-93.136389,35.295278,0
Big Bear Solar Obs. Big Bear City,Modern Astronomical Observatory [2067 meters AMSL],34.258,-116.921,2067,-116.921,34.258,2067
Chabot Space & Science Center Oakland,Modern Astronomical Observatory [476 meters AMSL],37.8183333333333,-122.181666666667,476,-122.181666666667,37.8183333333333,476
Goldstone Complex R Fort Irwin,Modern Astronomical Observatory [1036 meters AMSL],35.39,-116.848333333333,1036,-116.848333333333,35.39,1036
Griffith Obs. Los Angeles,Modern Astronomical Observatory [357 meters AMSL],34.1183333333333,-118.298333333333,357,-118.298333333333,34.1183333333333,357
Hat Creek Radio Ast. Obs. R Cassel,Modern Astronomical Observatory [1043 meters AMSL],40.8183333333333,-121.473333333333,1043,-121.473333333333,40.8183333333333,1043
International Latitude Obs. Ukiah,Modern Astronomical Observatory,39.1372222222222,-123.211666666667,0,-123.211666666667,39.1372222222222,0
Leuschner Obs. Lafayette,Modern Astronomical Observatory [304 meters AMSL],37.9183333333333,-122.156666666667,304,-122.156666666667,37.9183333333333,304
Lick Obs. San Jose/Mt. Hamilton,Modern Astronomical Observatory [1290 meters AMSL],37.3433333333333,-121.636666666667,1290,-121.636666666667,37.3433333333333,1290
MIRA Oliver Observing Sta. Monterey/Chews Ridge,Modern Astronomical Observatory [1525 meters AMSL],36.305,-121.57,1525,-121.57,36.305,1525
Mount Laguna Obs. L Mount Laguna,Modern Astronomical Observatory [1859 meters AMSL],32.84,-116.426666666667,1859,-116.426666666667,32.84,1859
Mount Wilson Obs. R Pasadena/Mt. Wilson,Modern Astronomical Observatory [1742 meters AMSL],34.2166666666667,-118.06,1742,-118.06,34.2166666666667,1742
Owens Valley Radio Obs. R Big Pine,Modern Astronomical Observatory [1236 meters AMSL],37.2316666666667,-118.281666666667,1236,-118.281666666667,37.2316666666667,1236
Palomar Obs. Palomar Mtn.,Modern Astronomical Observatory [1706 meters AMSL],33.3566666666667,-116.863333333333,1706,-116.863333333333,33.3566666666667,1706
Radio Ast. Inst. R Stanford,Modern Astronomical Observatory [80 meters AMSL],37.3983333333333,-122.188333333333,80,-122.188333333333,37.3983333333333,80
Robert Ferguson Obs. Santa Rosa,Modern Astronomical Observatory,38.4385,-122.5089,0,-122.5089,38.4385,0
San Fernando Obs. R San Fernando,Modern Astronomical Observatory [371 meters AMSL],34.3083333333333,-118.491666666667,371,-118.491666666667,34.3083333333333,371
SRI Radio Ast. Obs. R Stanford,Modern Astronomical Observatory [168 meters AMSL],37.405,-122.176666666667,168,-122.176666666667,37.405,168
Stanford Center for Radar Ast. R Palo Alto,Modern Astronomical Observatory [172 meters AMSL],37.4583333333333,-122.178333333333,172,-122.178333333333,37.4583333333333,172
Table Mountain Obs. Wrightwood,Modern Astronomical Observatory [2285 meters AMSL],34.3816666666667,-117.681666666667,2285,-117.681666666667,34.3816666666667,2285
Chamberlin Obs. Denver,Modern Astronomical Observatory [1644 meters AMSL],39.6766666666667,-104.953333333333,1644,-104.953333333333,39.6766666666667,1644
Chamberlin Obs. Sta. Bailey/Dick Mtn.,Modern Astronomical Observatory [2675 meters AMSL],39.4266666666667,-105.436666666667,2675,-105.436666666667,39.4266666666667,2675
Meyer-Womble Obs. Georgetown/Mt. Evans,Modern Astronomical Observatory [4305 meters AMSL],39.5866666666667,-105.64,4305,-105.64,39.5866666666667,4305
Sommers-Bausch Obs. Boulder,Modern Astronomical Observatory [1653 meters AMSL],40.0033333333333,-105.263333333333,1653,-105.263333333333,40.0033333333333,1653
Tiara Obs. South Park,Modern Astronomical Observatory [2679 meters AMSL],38.97,-105.516666666667,2679,-105.516666666667,38.97,2679
U.S. Air Force Academy Obs. Colorado Springs,Modern Astronomical Observatory [2187 meters AMSL],39.0066666666667,-104.875,2187,-104.875,39.0066666666667,2187
John J. McCarthy Obs. New Milford,Modern Astronomical Observatory [79 meters AMSL],41.5266666666667,-73.4266666666667,79,-73.4266666666667,41.5266666666667,79
Van Vleck Obs. Middletown,Modern Astronomical Observatory [65 meters AMSL],41.555,-72.66,65,-72.66,41.555,65
Western Conn. State Univ. Obs. Danbury,Modern Astronomical Observatory [128 meters AMSL],41.4,-73.445,128,-73.445,41.4,128
Mount Cuba Ast. Obs. Greenville,Modern Astronomical Observatory [92 meters AMSL],39.785,-75.6333333333333,92,-75.6333333333333,39.785,92
Naval Rsch. Lab. Radio Ast. Obs. R Washington,Modern Astronomical Observatory [30 meters AMSL],38.8216666666667,-77.0266666666667,30,-77.0266666666667,38.8216666666667,30
U.S. Naval Obs. Washington,Modern Astronomical Observatory [92 meters AMSL],38.9216666666667,-77.0666666666667,92,-77.0666666666667,38.9216666666667,92
Brevard Community College Obs. Cocoa,Modern Astronomical Observatory [17 meters AMSL],28.385,-80.7616666666667,17,-80.7616666666667,28.385,17
Rosemary Hill Obs. Bronson,Modern Astronomical Observatory [44 meters AMSL],29.4,-82.5866666666667,44,-82.5866666666667,29.4,44
Univ. of Florida Radio Obs. R Old Town,Modern Astronomical Observatory [8 meters AMSL],29.5283333333333,-83.035,8,-83.035,29.5283333333333,8
Bradley Obs. Decatur,Modern Astronomical Observatory [316 meters AMSL],33.765,-84.2933333333333,316,-84.2933333333333,33.765,316
Fernbank Obs. Atlanta,Modern Astronomical Observatory [320 meters AMSL],33.7783333333333,-84.3183333333333,320,-84.3183333333333,33.7783333333333,320
Hard Labor Creek Obs. Rutledge,Modern Astronomical Observatory [223 meters AMSL],33.67,-83.5933333333333,223,-83.5933333333333,33.67,223
"C.E.K. Mees Solar Obs. Kahului/Haleakala, Maui",Modern Astronomical Observatory [3054 meters AMSL],20.7066666666667,-156.256666666667,3054,-156.256666666667,20.7066666666667,3054
"Caltech Submillimeter Obs. R Hilo/Mauna Kea, Hawaii",Modern Astronomical Observatory [4072 meters AMSL],19.8216666666667,-155.475,4072,-155.475,19.8216666666667,4072
"Canada-France-Hawaii Tel. Corp. I Hilo/Mauna Kea,  Hawaii",Modern Astronomical Observatory [4204 meters AMSL],19.825,-155.468333333333,4204,-155.468333333333,19.825,4204
"Gemini North Obs. Hilo/Mauna Kea, Hawaii",Modern Astronomical Observatory [4213 meters AMSL],19.8233333333333,-155.468333333333,4213,-155.468333333333,19.8233333333333,4213
"Joint Astronomy Centre R I Hilo/Mauna Kea, Hawaii",Modern Astronomical Observatory [4198 meters AMSL],19.8216666666667,-155.47,4198,-155.47,19.8216666666667,4198
"LURE Obs. L Kahului/Haleakala, Maui",Modern Astronomical Observatory [3049 meters AMSL],20.71,-156.258333333333,3049,-156.258333333333,20.71,3049
"Mauna Kea Obs. I Hilo/Mauna Kea, Hawaii",Modern Astronomical Observatory [4214 meters AMSL],19.8233333333333,-155.47,4214,-155.47,19.8233333333333,4214
"Subaru Tel. Hilo/Mauna Kea, Hawaii",Modern Astronomical Observatory [4163 meters AMSL],19.825,-155.476666666667,4163,-155.476666666667,19.825,4163
"W.M. Keck Obs. Hilo/Mauna Kea, Hawaii",Modern Astronomical Observatory [4160 meters AMSL],19.8266666666667,-155.475,4160,-155.475,19.8266666666667,4160
Dearborn Obs. Evanston,Modern Astronomical Observatory [195 meters AMSL],42.0566666666667,-87.675,195,-87.675,42.0566666666667,195
Glen D. Riley,Modern Astronomical Observatory,41.7003,-88.1598,0,-88.1598,41.7003,0
Goethe Link Obs. Brooklyn,Modern Astronomical Observatory [300 meters AMSL],39.55,-86.395,300,-86.395,39.55,300
Kirkwood,Modern Astronomical Observatory,39.165833,-86.525833,0,-86.525833,39.165833,0
McKim,Modern Astronomical Observatory,39.645556,-86.852222,0,-86.852222,39.645556,0
Erwin W. Fick Obs. Boone,Modern Astronomical Observatory [332 meters AMSL],42.005,-93.9416666666667,332,-93.9416666666667,42.005,332
Grant O. Gale Obs. Grinnell,Modern Astronomical Observatory [318 meters AMSL],41.7566666666667,-92.72,318,-92.72,41.7566666666667,318
North Liberty Radio Obs. R North Liberty,Modern Astronomical Observatory [241 meters AMSL],41.7716666666667,-91.575,241,-91.575,41.7716666666667,241
Univ. of Iowa Obs. Riverside,Modern Astronomical Observatory [221 meters AMSL],41.515,-91.56,221,-91.56,41.515,221
Clyde W. Tombaugh Obs. Lawrence,Modern Astronomical Observatory [323 meters AMSL],38.96,-95.25,323,-95.25,38.96,323
Zenas Crane Obs. Topeka,Modern Astronomical Observatory [306 meters AMSL],39.0366666666667,-95.6966666666667,306,-95.6966666666667,39.0366666666667,306
Moore Obs. Brownsboro,Modern Astronomical Observatory [216 meters AMSL],38.335,-85.53,216,-85.53,38.335,216
GSFC Optical Test Site Greenbelt,Modern Astronomical Observatory [53 meters AMSL],39.0216666666667,-76.8266666666667,53,-76.8266666666667,39.0216666666667,53
International Latitude Obs. Gaithersburg,Modern Astronomical Observatory,39.1372222222222,-77.1994444444445,0,-77.1994444444445,39.1372222222222,0
Maryland Point Obs. R Riverside,Modern Astronomical Observatory [20 meters AMSL],38.3733333333333,-77.2316666666667,20,-77.2316666666667,38.3733333333333,20
Univ. of Maryland Obs. R College Park,Modern Astronomical Observatory [53 meters AMSL],39.0016666666667,-76.9566666666667,53,-76.9566666666667,39.0016666666667,53
Five College Radio Ast. Obs. R New Salem,Modern Astronomical Observatory [314 meters AMSL],42.3916666666667,-72.345,314,-72.345,42.3916666666667,314
George R. Wallace Jr. Aph. Obs. Westford,Modern Astronomical Observatory [107 meters AMSL],42.61,-71.485,107,-71.485,42.61,107
Harvard-Smithsonian Ctr. for Aph. R Cambridge,Modern Astronomical Observatory [24 meters AMSL],42.38,-71.13,24,-71.13,42.38,24
Haystack Obs. R Westford,Modern Astronomical Observatory [146 meters AMSL],42.6233333333333,-71.4883333333333,146,-71.4883333333333,42.6233333333333,146
Hopkins Obs. R Williamstown,Modern Astronomical Observatory [215 meters AMSL],42.7116666666667,-73.2016666666667,215,-73.2016666666667,42.7116666666667,215
Judson B. Coit,Modern Astronomical Observatory,42.35025,-71.105372,0,-71.105372,42.35025,0
Maria Mitchell Obs. Nantucket,Modern Astronomical Observatory [20 meters AMSL],41.28,-70.105,20,-70.105,41.28,20
Millstone Hill Atm. Sci. Fac. R Westford,Modern Astronomical Observatory [146 meters AMSL],42.61,-71.495,146,-71.495,42.61,146
Millstone Hill Radar Obs. R Westford,Modern Astronomical Observatory [156 meters AMSL],42.6166666666667,-71.4916666666667,156,-71.4916666666667,42.6166666666667,156
Oak Ridge Obs. R Harvard,Modern Astronomical Observatory [185 meters AMSL],42.505,-71.5583333333333,185,-71.5583333333333,42.505,185
Sagamore Hill Radio Obs. R Hamilton,Modern Astronomical Observatory [53 meters AMSL],42.6316666666667,-70.8216666666667,53,-70.8216666666667,42.6316666666667,53
The Clay Center Brookline,Modern Astronomical Observatory [47 meters AMSL],42.3333333333333,-71.1333333333333,47,-71.1333333333333,42.3333333333333,47
Westford Antenna Facility R Westford,Modern Astronomical Observatory [115 meters AMSL],42.6133333333333,-71.495,115,-71.495,42.6133333333333,115
Whitin Obs. Wellesley,Modern Astronomical Observatory [32 meters AMSL],42.295,-71.3033333333333,32,-71.3033333333333,42.295,32
Brooks Obs. Mount Pleasant,Modern Astronomical Observatory [258 meters AMSL],43.5883333333333,-84.775,258,-84.775,43.5883333333333,258
Michigan State Univ. Obs. East Lansing,Modern Astronomical Observatory [274 meters AMSL],42.7066666666667,-84.4833333333333,274,-84.4833333333333,42.7066666666667,274
Rogers,Modern Astronomical Observatory,44.706667,-85.775556,0,-85.775556,44.706667,0
Sherzer,Modern Astronomical Observatory,42.263892,-83.6246,0,-83.6246,42.263892,0
Univ. of Mich. Radio Ast. Obs. R Dexter,Modern Astronomical Observatory [345 meters AMSL],42.3983333333333,-83.9366666666667,345,-83.9366666666667,42.3983333333333,345
O'Brien Obs. Marine-on-St. Croix,Modern Astronomical Observatory [308 meters AMSL],45.1816666666667,-92.7766666666667,308,-92.7766666666667,45.1816666666667,308
Howell,Modern Astronomical Observatory,33.468143,-88.817524,0,-88.817524,33.468143,0
Morrison Obs. Fayette,Modern Astronomical Observatory [228 meters AMSL],39.1516666666667,-92.6966666666667,228,-92.6966666666667,39.1516666666667,228
Behlen Obs. Mead,Modern Astronomical Observatory [362 meters AMSL],41.1716666666667,-96.4466666666667,362,-96.4466666666667,41.1716666666667,362
MacLean Obs. Incline Village,Modern Astronomical Observatory [2546 meters AMSL],39.295,-119.928333333333,2546,-119.928333333333,39.295,2546
Durham,Modern Astronomical Observatory,43.1465,-70.9438,0,-70.9438,43.1465,0
Hancock,Modern Astronomical Observatory,42.933608,-71.986581,0,-71.986581,42.933608,0
Shattuck Obs. Hanover,Modern Astronomical Observatory [183 meters AMSL],43.705,-72.2833333333333,183,-72.2833333333333,43.705,183
Crawford Hill Obs. R Holmdel,Modern Astronomical Observatory [114 meters AMSL],40.3916666666667,-74.1866666666667,114,-74.1866666666667,40.3916666666667,114
FitzRandolph Obs. Princeton,Modern Astronomical Observatory [43 meters AMSL],40.345,-74.6466666666667,43,-74.6466666666667,40.345,43
Sperry,Modern Astronomical Observatory,40.666389,-74.323333,0,-74.323333,40.666389,0
Apache Point Obs. Sunspot,Modern Astronomical Observatory [2781 meters AMSL],32.78,-105.82,2781,-105.82,32.78,2781
Capilla Peak Obs. Albuquerque/Capilla Peak,Modern Astronomical Observatory [2842 meters AMSL],34.6966666666667,-106.405,2842,-106.405,34.6966666666667,2842
Corralitos Obs. Las Cruces,Modern Astronomical Observatory [1453 meters AMSL],32.38,-107.043333333333,1453,-107.043333333333,32.38,1453
Joint Obs. for Cometary Research Socorro/South Baldy  Peak,Modern Astronomical Observatory [3235 meters AMSL],33.985,-107.188333333333,3235,-107.188333333333,33.985,3235
Los Alamos,Modern Astronomical Observatory,35.775125,-106.245597,0,-106.245597,35.775125,0
National Radio Ast. Obs. R Socorro,Modern Astronomical Observatory [2124 meters AMSL],34.0783333333333,-107.618333333333,2124,-107.618333333333,34.0783333333333,2124
National Solar Obs. Sunspot,Modern Astronomical Observatory [2811 meters AMSL],32.7866666666667,-105.82,2811,-105.82,32.7866666666667,2811
New Mexico State Univ. Obs. Sta. Las Cruces/Blue Mesa,Modern Astronomical Observatory [2025 meters AMSL],32.4916666666667,-107.165,2025,-107.165,32.4916666666667,2025
New Mexico State Univ. Obs. Sta. Las Cruces/Tortugas  Mtn.,Modern Astronomical Observatory [1505 meters AMSL],32.2933333333333,-106.696666666667,1505,-106.696666666667,32.2933333333333,1505
Pie Town,Modern Astronomical Observatory,34.301003,-108.119183,0,-108.119183,34.301003,0
C.E. Kenneth Mees Obs. Bristol Springs,Modern Astronomical Observatory [701 meters AMSL],42.7,-77.4083333333333,701,-77.4083333333333,42.7,701
Hartung-Boothroyd Obs. Ithaca,Modern Astronomical Observatory [534 meters AMSL],42.4583333333333,-76.385,534,-76.385,42.4583333333333,534
Rutherfurd Obs. New York,Modern Astronomical Observatory [25 meters AMSL],40.81,-73.9583333333333,25,-73.9583333333333,40.81,25
Syracuse Univ. Obs. Syracuse,Modern Astronomical Observatory [160 meters AMSL],43.0366666666667,-76.1383333333333,160,-76.1383333333333,43.0366666666667,160
Dark Sky Obs. Boone,Modern Astronomical Observatory [926 meters AMSL],36.2516666666667,-81.4116666666667,926,-81.4116666666667,36.2516666666667,926
Morehead Obs. Chapel Hill,Modern Astronomical Observatory [161 meters AMSL],35.9133333333333,-79.05,161,-79.05,35.9133333333333,161
Pisgah Ast. Rsch. Inst. -PARI- Rosman,Modern Astronomical Observatory [892 meters AMSL],35.2,-82.8716666666667,892,-82.8716666666667,35.2,892
Three College Obs. Saxapahaw,Modern Astronomical Observatory [183 meters AMSL],35.945,-79.4066666666667,183,-79.4066666666667,35.945,183
Cincinnati Obs. Cincinnati,Modern Astronomical Observatory [247 meters AMSL],39.1383333333333,-84.4233333333333,247,-84.4233333333333,39.1383333333333,247
Nassau Ast. Obs. Montville,Modern Astronomical Observatory [390 meters AMSL],41.5916666666667,-81.075,390,-81.075,41.5916666666667,390
Perkins Obs. Delaware,Modern Astronomical Observatory [280 meters AMSL],40.2516666666667,-83.055,280,-83.055,40.2516666666667,280
Ritter Obs. Toledo,Modern Astronomical Observatory [201 meters AMSL],41.6616666666667,-83.6133333333333,201,-83.6133333333333,41.6616666666667,201
Allegheny Obs. Pittsburgh,Modern Astronomical Observatory [380 meters AMSL],40.4833333333333,-80.0216666666667,380,-80.0216666666667,40.4833333333333,380
Black Moshannon Obs. State College/Rattlesnake Mtn.,Modern Astronomical Observatory [738 meters AMSL],40.9216666666667,-78.005,738,-78.005,40.9216666666667,738
Bradstreet,Modern Astronomical Observatory,40.050278,-75.368889,0,-75.368889,40.050278,0
Bucknell Univ. Obs. Lewisburg,Modern Astronomical Observatory [170 meters AMSL],40.9516666666667,-76.8816666666667,170,-76.8816666666667,40.9516666666667,170
Flower and Cook Obs. Malvern,Modern Astronomical Observatory [155 meters AMSL],40,-75.4933333333333,155,-75.4933333333333,40,155
Kutztown Univ. Obs. Kutztown,Modern Astronomical Observatory [158 meters AMSL],40.515,-75.785,158,-75.785,40.515,158
Sproul Obs. Swarthmore,Modern Astronomical Observatory [63 meters AMSL],39.905,-75.3566666666667,63,-75.3566666666667,39.905,63
Strawbridge Obs. R Haverford,Modern Astronomical Observatory [116 meters AMSL],40.0116666666667,-75.3033333333333,116,-75.3033333333333,40.0116666666667,116
The Franklin Inst. Obs. Philadelphia,Modern Astronomical Observatory [30 meters AMSL],39.9583333333333,-75.1733333333333,30,-75.1733333333333,39.9583333333333,30
Villanova Univ. Obs. R Villanova,Modern Astronomical Observatory,40.04,-75.3416666666667,0,-75.3416666666667,40.04,0
Ladd Obs. Providence,Modern Astronomical Observatory [69 meters AMSL],41.8383333333333,-71.4,69,-71.4,41.8383333333333,69
Melton Memorial Obs. Columbia,Modern Astronomical Observatory [98 meters AMSL],33.9966666666667,-81.0266666666667,98,-81.0266666666667,33.9966666666667,98
Univ. of S.C. Radio Obs. R Columbia,Modern Astronomical Observatory [127 meters AMSL],33.9966666666667,-81.0316666666667,127,-81.0316666666667,33.9966666666667,127
Arthur J. Dyer Obs. Nashville,Modern Astronomical Observatory [345 meters AMSL],36.0516666666667,-86.805,345,-86.805,36.0516666666667,345
Cordell-Lorenz,Modern Astronomical Observatory,35.204444,-85.92,0,-85.92,35.204444,0
George R. Agassiz Sta. R Fort Davis,Modern Astronomical Observatory [1603 meters AMSL],30.635,-103.946666666667,1603,-103.946666666667,30.635,1603
McDonald Obs. L Fort Davis/Mt. Locke,Modern Astronomical Observatory [2075 meters AMSL],30.6716666666667,-104.021666666667,2075,-104.021666666667,30.6716666666667,2075
Millimeter Wave Obs. R Fort Davis/Mt. Locke,Modern Astronomical Observatory [2031 meters AMSL],30.6716666666667,-104.028333333333,2031,-104.028333333333,30.6716666666667,2031
Texas A&M,Modern Astronomical Observatory,30.572717,-96.36665,0,-96.36665,30.572717,0
Leander McCormick Obs. Charlottesville,Modern Astronomical Observatory [264 meters AMSL],38.0333333333333,-78.5233333333333,264,-78.5233333333333,38.0333333333333,264
Leander McCormick Obs. Sta. Charlottesville/Fan Mtn.,Modern Astronomical Observatory [566 meters AMSL],37.8783333333333,-78.6933333333333,566,-78.6933333333333,37.8783333333333,566
Saint Croix,Modern Astronomical Observatory,17.756578,-64.583631,0,-64.583631,17.756578,0
Brewster,Modern Astronomical Observatory,48.131228,-119.683278,0,-119.683278,48.131228,0
Goldendale Obs.,Modern Astronomical Observatory,45.839388,-120.816237,0,-120.816237,45.839388,0
Manastash Ridge Obs. Ellensburg/Manastash Ridge,Modern Astronomical Observatory [1198 meters AMSL],46.9516666666667,-120.723333333333,1198,-120.723333333333,46.9516666666667,1198
National Radio Ast. Obs. R Green Bank,Modern Astronomical Observatory [836 meters AMSL],38.43,-79.8416666666667,836,-79.8416666666667,38.43,836
Naval Research Lab. Radio Sta. R Sugar Grove,Modern Astronomical Observatory [705 meters AMSL],38.52,-79.2733333333333,705,-79.2733333333333,38.52,705
Pine Bluff Obs. Pine Bluff,Modern Astronomical Observatory [366 meters AMSL],43.0783333333333,-89.685,366,-89.685,43.0783333333333,366
Thompson Obs. Beloit,Modern Astronomical Observatory [255 meters AMSL],42.505,-89.0316666666667,255,-89.0316666666667,42.505,255
Washburn Obs. Madison,Modern Astronomical Observatory [292 meters AMSL],43.0766666666667,-89.4083333333333,292,-89.4083333333333,43.0766666666667,292
Yerkes Obs. Williams Bay,Modern Astronomical Observatory [334 meters AMSL],42.57,-88.5566666666667,334,-88.5566666666667,42.57,334
Wyoming Infrared Obs. I Jelm/Jelm Mtn.,Modern Astronomical Observatory [2943 meters AMSL],41.0983333333333,-105.976666666667,2943,-105.976666666667,41.0983333333333,2943
Los Molinos Ast. Obs. Montevideo,Modern Astronomical Observatory [110 meters AMSL],-34.755,-56.19,110,-56.19,-34.755,110
Montevideo Obs. Montevideo,Modern Astronomical Observatory [24 meters AMSL],-34.91,-56.2133333333333,24,-56.2133333333333,-34.91,24
Maidanak Ast. Obs. Kitab/Mt. Maidanak,Modern Astronomical Observatory [2500 meters AMSL],38.685,66.9,2500,66.9,38.685,2500
Tashkent Obs. Tashkent,Modern Astronomical Observatory [477 meters AMSL],41.325,69.2933333333333,477,69.2933333333333,41.325,477
Uluk-Bek Latitude Sta. Kitab,Modern Astronomical Observatory [658 meters AMSL],39.1333333333333,66.8816666666667,658,66.8816666666667,39.1333333333333,658
Vatican Obs. Castel Gandolfo,Modern Astronomical Observatory [450 meters AMSL],41.7466666666667,12.6516666666667,450,12.6516666666667,41.7466666666667,450
Cagigal Obs. Caracas,Modern Astronomical Observatory [1026 meters AMSL],10.5066666666667,-66.9283333333333,1026,-66.9283333333333,10.5066666666667,1026
Llano del Hato Obs. M�rida,Modern Astronomical Observatory [3610 meters AMSL],8.79,-70.8666666666667,3610,-70.8666666666667,8.79,3610
"Belgrade Ast. Obs. Belgrade, Serbia",Modern Astronomical Observatory [253 meters AMSL],44.8033333333333,20.5133333333333,253,20.5133333333333,44.8033333333333,253
"Cambodia, Angkor Vat",Ancient Astronomical Observatory,13.411111,103.869167,0,103.869167,13.411111,0
"Chile, Easter Island",Ancient Astronomical Observatory,-27.0833,-109.3333,0,-109.3333,-27.0833,0
"China, Beijing Ancient",Ancient Astronomical Observatory,39.9062,116.4286,0,116.4286,39.9062,0
"Egypt, Abu Simbel",Ancient Astronomical Observatory,22.3369444444444,31.6255555555556,0,31.6255555555556,22.3369444444444,0
"Egypt, The Great Sphinx of Giza",Ancient Astronomical Observatory,29.975413,31.137979,0,31.137979,29.975413,0
"Germany, Goseck",Ancient Astronomical Observatory,51.19823,11.86458,0,11.86458,51.19823,0
"India, Jaipur Yantra Mandir / Temple of Instruments",Ancient Astronomical Observatory,26.9244444444444,75.8241666666667,0,75.8241666666667,26.9244444444444,0
"India, Mathura Yantra Mandir / Temple of Instruments",Ancient Astronomical Observatory,27.494722,77.675556,0,77.675556,27.494722,0
"India, New Delhi Yantra Mandir / Temple of Instruments",Ancient Astronomical Observatory,28.6263888888889,77.2180555555556,0,77.2180555555556,28.6263888888889,0
"India, Ujjain Yantra Mandir / Temple of Instruments",Ancient Astronomical Observatory,23.183333,75.7775,0,75.7775,23.183333,0
"India, Varanasi Yantra Mandir / Temple of Instruments",Ancient Astronomical Observatory,25.325,83.006944,0,83.006944,25.325,0
"Iran, Maragheh",Ancient Astronomical Observatory,37.4,46.2,0,46.2,37.4,0
"Malta, Hagar Kim",Ancient Astronomical Observatory,35.8276416666667,14.4423638888889,0,14.4423638888889,35.8276416666667,0
"Malta, Mnajdra",Ancient Astronomical Observatory,35.8268416666667,14.436325,0,14.436325,35.8268416666667,0
"Macedonia, Kokino",Ancient Astronomical Observatory,42.26,21.85,0,21.85,42.26,0
"Mexico, Chichen Itza, Caracol",Ancient Astronomical Observatory,20.6831,-88.4019,0,-88.4019,20.6831,0
"Mexico, Dzibilchaltun",Ancient Astronomical Observatory,21.0911,-89.5972,0,-89.5972,21.0911,0
"Mexico, Mayapan",Ancient Astronomical Observatory,20.4667,-89.1833,0,-89.1833,20.4667,0
"Mexico, Teotihuacan",Ancient Astronomical Observatory,19.699441,-98.843973,0,-98.843973,19.699441,0
"Mexico, Uxmal",Ancient Astronomical Observatory,20.3602,-89.771,0,-89.771,20.3602,0
"Peru, Chankillo",Ancient Astronomical Observatory,-9.56118611111111,-78.2273694444444,0,-78.2273694444444,-9.56118611111111,0
"Peru, Machu Picchu",Ancient Astronomical Observatory,-13.162909,-72.546072,0,-72.546072,-13.162909,0
"United Kingdom, England, Stonehenge",Ancient Astronomical Observatory,51.178861,-1.826412,0,-1.826412,51.178861,0
"United Kingdom, Scotland, Callanish",Ancient Astronomical Observatory,58.19742,-6.745088,0,-6.745088,58.19742,0
"USA New Mexico, Chaco Canyon, Casa Rinconada",Ancient Astronomical Observatory,36.0588,-107.958,0,-107.958,36.0588,0
"USA New Mexico, Chaco Canyon, Pueblo Bonito",Ancient Astronomical Observatory,36.0588,-107.958,0,-107.958,36.0588,0
"USA Utah, Hovenweep",Ancient Astronomical Observatory,37.3858,-109.0803,0,-109.0803,37.3858,0
"USA Wyoming, Big Horn Medicine Wheel",Ancient Astronomical Observatory,44.8266666666667,-107.921666666667,0,-107.921666666667,44.8266666666667,0
